Players,Sentiment Score,Score_with_stats,ast_per_game,stl_per_game,tov_per_game
aaron gordon,0.962,4.636,3.1,0.4,1.4
aaron holiday,0.2466,1.826,1.3,0.3,0.6
aaron nesmith,0.9653,3.849,1.3,0.7,0.9
al horford,0.119,3.674,2.1,0.6,0.8
alec burks,0.802,2.394,1.1,0.6,0.5
alex caruso,-0.3476,2.776,2.6,1.6,0.7
alex len,0.7535,1.215,0.8,0.1,0.7
amen thompson,0.836,5.362,3.7,1.4,2.0
amir coffey,0.8805,3.251,1.1,0.6,0.6
andre drummond,0.7003,3.063,0.9,1.0,1.4
andre jackson jr.,0.971,1.647,1.3,0.5,0.9
andrew wiggins,0.9337,5.636,2.6,1.0,1.7
andrew wiggins,0.9337,5.636,2.4,0.9,1.3
andrew wiggins,0.9337,5.636,3.2,1.1,2.7
andrew wiggins,0.9337,5.497,2.6,1.0,1.7
andrew wiggins,0.9337,5.497,2.4,0.9,1.3
andrew wiggins,0.9337,5.497,3.2,1.1,2.7
andrew wiggins,0.9337,6.075,2.6,1.0,1.7
andrew wiggins,0.9337,6.075,2.4,0.9,1.3
andrew wiggins,0.9337,6.075,3.2,1.1,2.7
anfernee simons,0.9707,5.908,4.8,0.9,2.0
anthony black,-0.714,3.353,3.1,1.0,1.8
anthony davis,0.8266,8.066,3.5,1.2,2.1
anthony davis,0.8266,8.066,3.4,1.3,2.2
anthony davis,0.8266,8.066,4.4,0.6,0.8
anthony davis,0.8266,8.305,3.5,1.2,2.1
anthony davis,0.8266,8.305,3.4,1.3,2.2
anthony davis,0.8266,8.305,4.4,0.6,0.8
anthony davis,0.8266,5.928,3.5,1.2,2.1
anthony davis,0.8266,5.928,3.4,1.3,2.2
anthony davis,0.8266,5.928,4.4,0.6,0.8
anthony edwards,0.0732,7.963,4.6,1.1,3.2
ausar thompson,0.9519,3.621,2.2,1.7,1.4
ayo dosunmu,0.0,4.427,4.5,0.9,1.5
bam adebayo,0.9598,6.351,4.3,1.3,2.1
ben sheppard,0.9403,2.2,1.3,0.6,0.4
ben simmons,0.9201,2.981,6.0,0.8,2.1
ben simmons,0.9201,2.981,6.9,0.8,2.7
ben simmons,0.9201,2.981,3.5,0.9,0.7
ben simmons,0.9201,3.265,6.0,0.8,2.1
ben simmons,0.9201,3.265,6.9,0.8,2.7
ben simmons,0.9201,3.265,3.5,0.9,0.7
ben simmons,0.9201,2.248,6.0,0.8,2.1
ben simmons,0.9201,2.248,6.9,0.8,2.7
ben simmons,0.9201,2.248,3.5,0.9,0.7
bennedict mathurin,0.5994,5.098,1.9,0.6,1.9
bilal coulibaly,0.9211,4.537,3.4,1.3,2.1
bismack biyombo,0.8591,2.418,1.3,0.7,0.9
blake wesley,0.4927,1.367,1.8,0.6,0.9
bobby portis,0.847,4.861,2.2,0.7,1.2
bol bol,-0.7964,2.415,0.6,0.3,0.6
bones hyland,0.0,1.986,1.4,0.8,1.1
bones hyland,0.0,1.986,1.4,0.9,1.2
bones hyland,0.0,2.19,1.4,0.8,1.1
bones hyland,0.0,2.19,1.4,0.9,1.2
bradley beal,0.5423,5.464,3.6,1.0,1.9
brandon clarke,-0.3901,3.093,1.0,0.8,0.6
brandon ingram,0.9236,6.831,5.2,0.9,3.8
brandon miller,0.8514,6.403,3.6,1.1,2.8
brice sensabaugh,0.9022,3.218,1.4,0.6,1.5
brook lopez,0.9348,4.578,1.8,0.7,1.0
bruce brown,0.8934,3.057,1.9,0.9,1.0
bruce brown,0.8934,3.057,1.6,0.9,1.1
bruce brown,0.8934,3.057,2.3,0.8,0.9
bruce brown,0.8934,3.006,1.9,0.9,1.0
bruce brown,0.8934,3.006,1.6,0.9,1.1
bruce brown,0.8934,3.006,2.3,0.8,0.9
bruce brown,0.8934,3.103,1.9,0.9,1.0
bruce brown,0.8934,3.103,1.6,0.9,1.1
bruce brown,0.8934,3.103,2.3,0.8,0.9
buddy hield,-0.5645,3.706,1.8,0.9,1.2
cj mccollum,0.8818,6.373,4.1,0.8,1.9
cade cunningham,0.0,8.063,9.2,1.0,4.5
caleb martin,0.5423,3.313,2.2,1.0,1.2
caleb martin,0.5423,3.313,2.2,1.1,1.4
caleb martin,0.5423,3.313,1.9,0.5,0.5
caleb martin,0.5423,3.616,2.2,1.0,1.2
caleb martin,0.5423,3.616,2.2,1.1,1.4
caleb martin,0.5423,3.616,1.9,0.5,0.5
caleb martin,0.5423,2.077,2.2,1.0,1.2
caleb martin,0.5423,2.077,2.2,1.1,1.4
caleb martin,0.5423,2.077,1.9,0.5,0.5
cam reddish,0.9094,1.6,0.7,1.0,0.4
cam thomas,0.0,6.767,3.8,0.6,2.5
cameron johnson,0.9541,5.807,3.4,0.9,1.7
caris levert,0.2975,4.012,3.4,0.9,1.2
caris levert,0.2975,4.012,3.7,0.9,1.3
caris levert,0.2975,4.012,2.7,0.9,0.8
caris levert,0.2975,3.643,3.4,0.9,1.2
caris levert,0.2975,3.643,3.7,0.9,1.3
caris levert,0.2975,3.643,2.7,0.9,0.8
caris levert,0.2975,4.767,3.4,0.9,1.2
caris levert,0.2975,4.767,3.7,0.9,1.3
caris levert,0.2975,4.767,2.7,0.9,0.8
cason wallace,0.9667,3.393,2.6,1.8,0.9
chet holmgren,-0.1805,5.106,1.9,0.7,1.9
chris boucher,0.6712,3.283,0.7,0.5,0.6
chris paul,0.9845,3.89,7.6,1.3,1.5
christian braun,0.6249,5.182,2.5,1.1,1.0
chuma okeke,0.7152,3.156,1.9,0.7,0.4
clint capela,0.0772,3.65,1.1,0.6,0.9
coby white,-0.7137,6.155,4.4,0.9,2.4
cody martin,0.5719,3.02,2.1,1.1,1.0
cody martin,0.5719,3.02,2.3,1.1,1.1
cody martin,0.5719,3.02,1.1,1.3,0.8
cody martin,0.5719,3.219,2.1,1.1,1.0
cody martin,0.5719,3.219,2.3,1.1,1.1
cody martin,0.5719,3.219,1.1,1.3,0.8
cody martin,0.5719,2.035,2.1,1.1,1.0
cody martin,0.5719,2.035,2.3,1.1,1.1
cody martin,0.5719,2.035,1.1,1.3,0.8
colby jones,0.69,3.116,2.1,1.3,0.8
cole anthony,0.9623,3.236,2.9,0.7,1.6
colin castleton,0.8885,1.893,0.9,0.4,1.1
colin castleton,0.8885,1.893,1.8,0.6,2.1
colin castleton,0.8885,3.186,0.9,0.4,1.1
colin castleton,0.8885,3.186,1.8,0.6,2.1
collin sexton,0.9207,5.421,4.2,0.7,2.6
cory joseph,-0.7351,1.397,1.4,0.5,0.4
daquan jeffries,0.8805,2.568,1.1,0.6,0.7
dalen terry,0.7579,1.713,1.3,0.6,0.7
damian lillard,-0.5542,7.59,7.1,1.2,2.8
daniel gafford,0.1022,4.295,1.4,0.4,1.2
daniel theis,0.9134,2.067,1.6,0.5,0.7
dante exum,-0.8599,3.035,2.8,0.7,1.1
darius garland,0.8108,6.345,6.7,1.2,2.5
david roddy,0.9217,1.829,1.1,0.5,0.7
david roddy,0.9217,1.829,1.1,0.4,0.7
david roddy,0.9217,1.786,1.1,0.5,0.7
david roddy,0.9217,1.786,1.1,0.4,0.7
deandre jordan,0.1265,1.815,1.0,0.3,0.8
demar derozan,-0.6819,6.768,4.4,0.9,1.4
dean wade,0.719,2.457,1.3,0.7,0.4
deandre ayton,0.7139,5.335,1.6,0.8,1.7
dejounte murray,0.4201,6.169,7.4,2.0,3.4
delon wright,0.9428,1.412,1.7,0.8,0.5
delon wright,0.9428,1.412,1.8,0.9,0.5
delon wright,0.9428,1.412,1.3,0.4,0.6
delon wright,0.9428,1.45,1.7,0.8,0.5
delon wright,0.9428,1.45,1.8,0.9,0.5
delon wright,0.9428,1.45,1.3,0.4,0.6
delon wright,0.9428,1.288,1.7,0.8,0.5
delon wright,0.9428,1.288,1.8,0.9,0.5
delon wright,0.9428,1.288,1.3,0.4,0.6
deni avdija,0.4744,5.462,3.8,1.0,2.6
derrick white,0.9168,5.574,4.6,1.0,1.6
desmond bane,0.476,6.184,5.4,1.2,2.5
devin booker,0.8655,7.624,7.0,0.9,2.9
devin vassell,0.835,5.294,2.9,1.3,1.3
dillon brooks,0.8248,4.538,1.7,0.8,1.0
domantas sabonis,0.9712,7.125,6.0,0.7,2.9
donovan mitchell,0.8957,7.097,4.9,1.3,2.1
donte divincenzo,0.9001,4.104,3.8,1.2,1.5
dorian finney-smith,0.5271,3.331,1.4,0.9,0.9
dorian finney-smith,0.5271,3.331,1.6,0.9,0.9
dorian finney-smith,0.5271,3.331,1.3,1.0,0.9
dorian finney-smith,0.5271,3.819,1.4,0.9,0.9
dorian finney-smith,0.5271,3.819,1.6,0.9,0.9
dorian finney-smith,0.5271,3.819,1.3,1.0,0.9
dorian finney-smith,0.5271,3.101,1.4,0.9,0.9
dorian finney-smith,0.5271,3.101,1.6,0.9,0.9
dorian finney-smith,0.5271,3.101,1.3,1.0,0.9
draymond green,0.9503,4.052,5.6,1.5,2.5
drew eubanks,0.4854,1.959,0.9,0.2,0.7
drew eubanks,0.4854,1.959,1.2,0.3,0.8
drew eubanks,0.4854,2.408,0.9,0.2,0.7
drew eubanks,0.4854,2.408,1.2,0.3,0.8
duncan robinson,0.3182,3.603,2.5,0.6,1.2
dwight powell,0.9574,1.195,1.1,0.3,0.4
dyson daniels,0.7792,5.328,4.3,3.1,2.0
elfrid payton,0.8979,2.326,5.8,1.1,2.3
elfrid payton,0.8979,2.326,7.2,1.2,2.9
elfrid payton,0.8979,2.326,3.3,1.0,1.2
elfrid payton,0.8979,2.846,5.8,1.1,2.3
elfrid payton,0.8979,2.846,7.2,1.2,2.9
elfrid payton,0.8979,2.846,3.3,1.0,1.2
elfrid payton,0.8979,1.403,5.8,1.1,2.3
elfrid payton,0.8979,1.403,7.2,1.2,2.9
elfrid payton,0.8979,1.403,3.3,1.0,1.2
eric gordon,0.0948,2.424,1.7,0.7,0.7
evan mobley,0.0,6.304,3.1,0.8,2.0
fred vanvleet,0.5867,5.182,5.6,1.6,1.4
gabe vincent,0.0772,2.388,1.4,0.7,0.6
garrison mathews,0.9217,2.461,1.3,0.6,0.6
gary harris,0.8442,1.315,0.6,0.6,0.3
gary trent jr.,-0.7178,3.587,1.1,1.0,0.6
georges niang,0.5363,3.325,1.4,0.4,1.0
georges niang,0.5363,3.325,1.3,0.3,0.9
georges niang,0.5363,3.325,1.7,0.5,1.0
georges niang,0.5363,3.007,1.4,0.4,1.0
georges niang,0.5363,3.007,1.3,0.3,0.9
georges niang,0.5363,3.007,1.7,0.5,1.0
georges niang,0.5363,4.096,1.4,0.4,1.0
georges niang,0.5363,4.096,1.3,0.3,0.9
georges niang,0.5363,4.096,1.7,0.5,1.0
giannis antetokounmpo,0.8428,9.391,5.9,0.8,3.2
goga bitadze,0.3818,3.195,2.0,0.7,1.1
gradey dick,0.9468,4.549,1.8,0.9,1.5
grant williams,0.8289,3.918,2.3,1.1,1.8
grayson allen,0.9178,3.487,2.1,0.9,1.1
harrison barnes,0.3962,3.939,1.7,0.4,0.6
haywood highsmith,0.1779,2.683,1.5,1.0,0.7
immanuel quickley,0.936,5.531,5.8,0.7,1.8
isaac okoro,0.9729,2.234,1.3,0.6,0.4
isaiah hartenstein,0.4215,4.834,3.9,0.8,1.7
isaiah joe,0.8766,3.295,1.5,0.6,0.5
isaiah stewart,-0.8176,2.714,1.7,0.4,0.9
ivica zubac,0.9037,6.199,2.5,0.7,1.6
ja morant,0.8805,6.824,7.4,1.2,3.7
jaden hardy,0.0,2.562,1.3,0.5,1.4
jaden ivey,0.719,5.475,4.0,0.9,3.0
jaden mcdaniels,0.9798,4.613,2.1,1.4,1.1
jae crowder,0.878,1.21,0.6,0.4,0.5
jake laravia,0.8674,2.779,2.4,0.9,1.3
jake laravia,0.8674,2.779,2.8,0.9,1.5
jake laravia,0.8674,2.779,1.3,0.9,0.9
jake laravia,0.8674,2.96,2.4,0.9,1.3
jake laravia,0.8674,2.96,2.8,0.9,1.5
jake laravia,0.8674,2.96,1.3,0.9,0.9
jake laravia,0.8674,2.363,2.4,0.9,1.3
jake laravia,0.8674,2.363,2.8,0.9,1.5
jake laravia,0.8674,2.363,1.3,0.9,0.9
jakob poeltl,0.8834,5.449,2.8,1.2,1.9
jalen brunson,-0.1638,7.767,7.4,1.0,2.5
jalen duren,-0.0015,4.654,2.6,0.7,1.7
jalen green,0.0,6.46,3.4,0.9,2.5
jalen johnson,0.6858,6.766,5.0,1.6,2.9
jalen pickett,0.7499,1.46,1.9,0.4,0.4
jalen smith,0.8979,2.96,1.0,0.3,0.6
jalen williams,0.8957,6.724,5.2,1.6,2.2
jalen wilson,-0.3818,3.257,1.8,0.5,1.0
jamal cain,0.9136,1.29,0.5,0.4,0.4
jamal murray,0.8089,6.838,6.0,1.4,2.0
james harden,0.8661,7.23,8.6,1.5,4.4
jarace walker,-0.5859,2.196,1.4,0.8,1.0
jaren jackson jr.,0.9403,6.63,2.1,1.3,2.1
jarred vanderbilt,0.3919,2.078,1.3,1.0,0.7
jarrett allen,0.4131,5.173,1.9,1.0,1.2
javonte green,0.128,2.269,0.8,1.0,0.5
javonte green,0.128,2.269,0.9,1.1,0.6
javonte green,0.128,2.48,0.8,1.0,0.5
javonte green,0.128,2.48,0.9,1.1,0.6
jaxson hayes,0.8294,2.78,1.1,0.5,0.8
jaylen brown,0.491,6.954,4.6,1.2,2.6
jaylen nowell,-0.1027,2.962,2.3,0.1,1.0
jayson tatum,0.6491,8.401,5.9,1.1,3.0
jeff green,0.0,1.719,0.5,0.2,0.3
jerami grant,0.9186,4.702,2.1,0.9,1.4
jeremy sochan,0.5499,4.173,2.4,0.8,1.6
jett howard,0.6131,1.441,0.7,0.2,0.5
jimmy butler,0.9298,5.813,5.5,1.2,1.4
jimmy butler,0.9298,5.813,4.8,1.1,1.2
jimmy butler,0.9298,5.813,6.3,1.4,1.7
jimmy butler,0.9298,5.688,5.5,1.2,1.4
jimmy butler,0.9298,5.688,4.8,1.1,1.2
jimmy butler,0.9298,5.688,6.3,1.4,1.7
jimmy butler,0.9298,5.93,5.5,1.2,1.4
jimmy butler,0.9298,5.93,4.8,1.1,1.2
jimmy butler,0.9298,5.93,6.3,1.4,1.7
jock landale,0.0,1.698,0.8,0.3,0.5
joel embiid,0.802,7.232,4.5,0.7,3.3
john collins,0.4577,6.082,2.0,1.0,2.6
john konchar,0.9432,1.383,0.9,0.5,0.4
jonathan isaac,-0.8923,2.219,0.5,0.9,0.4
jonathan kuminga,0.0,4.945,2.2,0.9,1.5
jordan clarkson,0.9062,4.942,3.7,0.8,2.3
jordan hawkins,-0.0243,3.489,1.2,0.5,1.0
jordan miller,-0.0757,1.632,1.0,0.5,0.7
jordan poole,0.9423,6.015,4.5,1.3,3.1
jose alvarado,0.0,3.583,4.6,1.4,1.3
josh green,0.9459,2.937,1.6,1.1,1.0
josh hart,0.7351,5.736,5.8,1.5,2.0
josh okogie,-0.3071,2.409,0.8,1.3,0.8
josh okogie,-0.3071,2.409,0.6,0.8,0.6
josh okogie,-0.3071,2.409,1.3,2.4,1.1
josh okogie,-0.3071,2.171,0.8,1.3,0.8
josh okogie,-0.3071,2.171,0.6,0.8,0.6
josh okogie,-0.3071,2.171,1.3,2.4,1.1
josh okogie,-0.3071,3.096,0.8,1.3,0.8
josh okogie,-0.3071,3.096,0.6,0.8,0.6
josh okogie,-0.3071,3.096,1.3,2.4,1.1
josh richardson,-0.3838,1.759,1.5,1.0,1.0
jrue holiday,0.8854,4.244,3.9,1.1,1.3
julian strawther,-0.5109,3.075,1.3,0.6,0.9
julius randle,0.5859,6.12,4.7,0.7,2.8
kj martin,0.8805,2.444,1.1,0.4,0.5
kj martin,0.8805,2.444,0.8,0.5,0.5
kj martin,0.8805,2.444,1.5,0.3,0.6
kj martin,0.8805,2.458,1.1,0.4,0.5
kj martin,0.8805,2.458,0.8,0.5,0.5
kj martin,0.8805,2.458,1.5,0.3,0.6
kj martin,0.8805,2.422,1.1,0.4,0.5
kj martin,0.8805,2.422,0.8,0.5,0.5
kj martin,0.8805,2.422,1.5,0.3,0.6
kai jones,0.0,1.745,0.6,0.3,0.4
kai jones,0.0,1.745,1.4,0.8,0.5
kai jones,0.0,4.423,0.6,0.3,0.4
kai jones,0.0,4.423,1.4,0.8,0.5
karl-anthony towns,0.7442,7.908,3.1,1.0,2.6
kawhi leonard,0.9721,6.379,3.0,1.5,2.0
keegan murray,0.25,4.693,1.4,0.8,0.8
keldon johnson,0.9821,4.191,1.6,0.7,0.9
kelly olynyk,0.83,3.228,2.9,0.8,1.8
kelly olynyk,0.83,3.228,2.3,0.7,1.5
kelly olynyk,0.83,3.228,3.8,0.9,2.2
kelly olynyk,0.83,2.624,2.9,0.8,1.8
kelly olynyk,0.83,2.624,2.3,0.7,1.5
kelly olynyk,0.83,2.624,3.8,0.9,2.2
kelly olynyk,0.83,4.076,2.9,0.8,1.8
kelly olynyk,0.83,4.076,2.3,0.7,1.5
kelly olynyk,0.83,4.076,3.8,0.9,2.2
kenrich williams,-0.2263,2.32,1.4,0.6,0.5
kentavious caldwell-pope,0.9186,3.274,1.7,1.3,0.8
kessler edwards,0.0,1.859,1.1,0.5,0.4
kevin durant,0.9041,7.904,4.2,0.8,3.1
kevin huerter,0.928,3.372,2.2,1.0,1.0
kevin huerter,0.928,3.372,1.7,0.8,0.9
kevin huerter,0.928,3.372,3.1,1.3,1.3
kevin huerter,0.928,2.857,2.2,1.0,1.0
kevin huerter,0.928,2.857,1.7,0.8,0.9
kevin huerter,0.928,2.857,3.1,1.3,1.3
kevin huerter,0.928,4.439,2.2,1.0,1.0
kevin huerter,0.928,4.439,1.7,0.8,0.9
kevin huerter,0.928,4.439,3.1,1.3,1.3
kevin love,0.9246,2.049,1.0,0.7,0.6
kevon looney,-0.9313,2.322,1.6,0.6,0.5
khris middleton,0.9616,4.073,4.1,0.9,1.5
khris middleton,0.9616,4.073,4.4,0.7,1.6
khris middleton,0.9616,4.073,3.4,1.3,1.4
khris middleton,0.9616,4.249,4.1,0.9,1.5
khris middleton,0.9616,4.249,4.4,0.7,1.6
khris middleton,0.9616,4.249,3.4,1.3,1.4
khris middleton,0.9616,3.746,4.1,0.9,1.5
khris middleton,0.9616,3.746,4.4,0.7,1.6
khris middleton,0.9616,3.746,3.4,1.3,1.4
killian hayes,0.9476,3.603,5.2,0.7,1.5
klay thompson,0.1761,4.547,2.1,0.7,1.3
kobe bufkin,0.8999,1.913,1.7,0.3,0.8
kris dunn,-0.9559,2.846,2.9,1.7,1.0
kris murray,0.3025,1.631,0.8,0.5,0.5
kyle anderson,0.9325,2.254,2.3,0.6,0.6
kyle anderson,0.9325,2.254,2.3,0.7,0.6
kyle anderson,0.9325,2.254,2.3,0.5,0.7
kyle anderson,0.9325,2.248,2.3,0.6,0.6
kyle anderson,0.9325,2.248,2.3,0.7,0.6
kyle anderson,0.9325,2.248,2.3,0.5,0.7
kyle anderson,0.9325,2.326,2.3,0.6,0.6
kyle anderson,0.9325,2.326,2.3,0.7,0.6
kyle anderson,0.9325,2.326,2.3,0.5,0.7
kyle kuzma,0.9217,4.954,2.4,0.5,2.2
kyle kuzma,0.9217,4.954,2.5,0.6,2.3
kyle kuzma,0.9217,4.954,2.2,0.4,2.2
kyle kuzma,0.9217,4.936,2.4,0.5,2.2
kyle kuzma,0.9217,4.936,2.5,0.6,2.3
kyle kuzma,0.9217,4.936,2.2,0.4,2.2
kyle kuzma,0.9217,4.977,2.4,0.5,2.2
kyle kuzma,0.9217,4.977,2.5,0.6,2.3
kyle kuzma,0.9217,4.977,2.2,0.4,2.2
kyle lowry,0.9578,1.97,2.8,0.9,0.6
kyrie irving,0.7351,7.432,4.6,1.3,2.2
lamelo ball,0.9692,7.536,7.4,1.1,3.6
landry shamet,0.4939,1.605,0.5,0.5,0.4
larry nance jr.,0.8316,3.124,1.6,0.8,0.7
lauri markkanen,0.8779,5.813,1.5,0.7,1.4
lebron james,0.988,7.972,8.4,1.0,3.8
lonzo ball,0.9299,3.062,3.3,1.3,1.2
luguentz dort,0.5719,3.731,1.6,1.1,0.7
luke kennard,0.4927,3.35,3.4,0.8,1.2
luke kornet,0.4927,2.565,1.6,0.5,0.4
malachi flynn,0.1513,1.581,1.8,0.8,1.0
malcolm brogdon,0.5096,4.229,4.1,0.5,1.6
malik beasley,0.3818,4.851,1.7,0.9,1.1
malik monk,0.8832,5.767,5.8,1.0,2.5
marcus sasser,0.8558,2.156,2.2,0.6,0.9
marcus smart,0.9275,3.096,3.3,1.2,1.6
marcus smart,0.9275,3.096,3.7,1.2,1.8
marcus smart,0.9275,3.096,2.7,1.1,1.3
marcus smart,0.9275,3.131,3.3,1.2,1.6
marcus smart,0.9275,3.131,3.7,1.2,1.8
marcus smart,0.9275,3.131,2.7,1.1,1.3
marcus smart,0.9275,3.029,3.3,1.2,1.6
marcus smart,0.9275,3.029,3.7,1.2,1.8
marcus smart,0.9275,3.029,2.7,1.1,1.3
mark williams,0.8689,5.517,2.6,0.7,1.4
markieff morris,0.8122,1.738,1.6,0.0,0.1
mason plumlee,0.836,2.337,1.8,0.4,0.8
matisse thybulle,-0.3206,2.409,1.3,2.0,0.6
max strus,0.3195,3.542,3.1,0.6,1.0
maxi kleber,0.6121,1.648,1.3,0.3,0.7
maxwell lewis,0.546,1.724,0.7,0.4,0.4
mikal bridges,0.4939,5.836,3.7,1.0,1.6
mike conley,0.6003,3.347,4.4,1.2,1.1
miles bridges,-0.3818,6.636,4.0,0.7,2.1
mitchell robinson,0.3182,2.211,0.7,0.8,0.6
mo bamba,0.0702,1.908,0.6,0.3,0.6
mo bamba,0.0702,1.908,0.6,0.3,0.7
mo bamba,0.0702,1.908,0.5,0.0,0.3
mo bamba,0.0702,1.94,0.6,0.3,0.6
mo bamba,0.0702,1.94,0.6,0.3,0.7
mo bamba,0.0702,1.94,0.5,0.0,0.3
mo bamba,0.0702,1.722,0.6,0.3,0.6
mo bamba,0.0702,1.722,0.6,0.3,0.7
mo bamba,0.0702,1.722,0.5,0.0,0.3
monte morris,0.967,1.854,1.6,0.5,0.4
moritz wagner,-0.4588,4.03,1.4,0.8,1.6
moses brown,-0.56,4.057,0.5,1.0,1.3
moses moody,0.0,3.289,1.3,0.7,0.7
mouhamed gueye,0.7612,2.321,0.8,0.8,0.4
myles turner,0.7351,5.183,1.6,0.8,1.7
naji marshall,0.8151,4.553,2.9,1.1,1.6
naz reid,-0.1531,4.872,2.3,0.8,1.3
nick richards,-0.5267,3.646,0.9,0.2,1.5
nick richards,-0.5267,3.646,1.3,0.3,1.6
nick richards,-0.5267,3.646,0.6,0.2,1.4
nick richards,-0.5267,3.445,0.9,0.2,1.5
nick richards,-0.5267,3.445,1.3,0.3,1.6
nick richards,-0.5267,3.445,0.6,0.2,1.4
nick richards,-0.5267,3.778,0.9,0.2,1.5
nick richards,-0.5267,3.778,1.3,0.3,1.6
nick richards,-0.5267,3.778,0.6,0.2,1.4
nickeil alexander-walker,0.7579,3.359,2.5,0.6,1.2
nicolas batum,0.6542,1.841,1.1,0.7,0.4
norman powell,0.7269,6.463,2.2,1.3,1.9
og anunoby,-0.1779,5.747,2.1,1.5,1.3
obi toppin,-0.7708,3.521,1.6,0.6,0.8
ochai agbaji,0.9042,3.618,1.6,0.8,0.8
olivier-maxence prosper,0.9263,1.562,0.8,0.5,0.3
onyeka okongwu,-0.3037,4.875,2.3,0.9,1.1
orlando robinson,0.296,2.569,1.7,0.4,1.1
orlando robinson,0.296,2.569,1.9,0.4,1.2
orlando robinson,0.296,3.059,1.7,0.4,1.1
orlando robinson,0.296,3.059,1.9,0.4,1.2
oshae brissett,0.675,3.072,0.7,0.7,1.3
ousmane dieng,-0.6746,1.518,0.8,0.5,0.5
paolo banchero,-0.1255,7.788,4.7,0.8,2.9
pascal siakam,-0.7184,6.519,3.4,0.9,1.4
pat connaughton,0.7924,1.783,1.7,0.2,0.6
patrick williams,0.8905,3.322,2.0,0.7,1.3
paul george,0.8957,5.503,4.3,1.8,2.6
payton pritchard,-0.4118,4.657,3.3,0.9,1.0
peyton watson,0.6689,3.15,1.5,0.8,0.8
precious achiuwa,0.5414,2.702,0.9,0.8,0.8
rj barrett,-0.3937,6.796,5.6,0.8,3.0
reggie jackson,0.9376,1.67,1.5,0.5,0.5
richaun holmes,0.4019,2.982,1.4,0.3,0.7
robert williams,0.0516,2.67,1.1,0.7,0.9
rudy gobert,0.8879,4.766,1.8,0.8,1.3
rui hachimura,-0.296,4.487,1.4,0.8,0.8
russell westbrook,0.9538,4.796,6.2,1.4,3.3
ryan rollins,0.0,2.022,1.6,0.7,0.8
sam hauser,-0.5814,2.898,0.9,0.6,0.3
sam merrill,-0.3403,2.548,1.5,0.7,0.5
scoot henderson,0.5859,4.295,5.1,1.0,2.7
scottie barnes,0.0,6.616,5.9,1.5,2.9
seth curry,0.3192,2.088,0.9,0.4,0.5
shaedon sharpe,0.5267,5.489,2.6,0.8,2.0
shai gilgeous-alexander,0.9201,9.362,6.4,1.7,2.5
shake milton,0.197,2.076,1.9,0.4,0.7
shake milton,0.197,2.076,2.4,0.6,0.7
shake milton,0.197,2.076,1.3,0.3,0.7
shake milton,0.197,2.621,1.9,0.4,0.7
shake milton,0.197,2.621,2.4,0.6,0.7
shake milton,0.197,2.621,1.3,0.3,0.7
shake milton,0.197,1.508,1.9,0.4,0.7
shake milton,0.197,1.508,2.4,0.6,0.7
shake milton,0.197,1.508,1.3,0.3,0.7
spencer dinwiddie,0.8047,3.925,4.3,0.9,1.2
stephen curry,0.9753,7.157,6.0,1.1,2.9
steven adams,0.9747,1.929,1.2,0.4,1.0
taj gibson,0.7501,1.407,0.5,0.3,0.7
talen horton-tucker,0.7003,1.893,1.3,0.4,0.7
tari eason,0.3612,4.375,1.4,1.8,1.2
taurean prince,0.9573,3.176,2.0,0.9,1.0
taylor hendricks,0.9731,2.487,0.7,1.7,0.7
terance mann,0.9442,2.79,1.8,0.6,0.7
terance mann,0.9442,2.79,1.6,0.8,0.7
terance mann,0.9442,2.79,2.2,0.5,0.8
terance mann,0.9442,2.423,1.8,0.6,0.7
terance mann,0.9442,2.423,1.6,0.8,0.7
terance mann,0.9442,2.423,2.2,0.5,0.8
terance mann,0.9442,3.41,1.8,0.6,0.7
terance mann,0.9442,3.41,1.6,0.8,0.7
terance mann,0.9442,3.41,2.2,0.5,0.8
terry rozier,-0.1027,3.864,2.7,0.6,1.2
thomas bryant,0.8573,2.455,0.9,0.4,0.5
thomas bryant,0.8573,2.455,0.4,0.1,0.2
thomas bryant,0.8573,2.455,1.0,0.5,0.5
thomas bryant,0.8573,1.677,0.9,0.4,0.5
thomas bryant,0.8573,1.677,0.4,0.1,0.2
thomas bryant,0.8573,1.677,1.0,0.5,0.5
thomas bryant,0.8573,2.609,0.9,0.4,0.5
thomas bryant,0.8573,2.609,0.4,0.1,0.2
thomas bryant,0.8573,2.609,1.0,0.5,0.5
tim hardaway jr.,0.9393,3.589,1.6,0.5,0.6
tobias harris,0.6724,4.902,2.2,1.0,1.1
torrey craig,0.8442,1.687,0.4,0.2,0.1
torrey craig,0.8442,1.687,0.6,0.2,0.0
torrey craig,0.8442,2.267,0.4,0.2,0.1
torrey craig,0.8442,2.267,0.6,0.2,0.0
toumani camara,-0.4144,4.292,2.2,1.5,1.4
trae young,0.936,7.569,11.5,1.2,4.8
trayce jackson-davis,0.9438,2.758,1.8,0.4,0.7
tre jones,0.714,2.908,4.2,0.8,0.8
tre jones,0.714,2.908,3.7,0.6,0.8
tre jones,0.714,2.908,4.9,1.1,0.8
tre jones,0.714,2.062,4.2,0.8,0.8
tre jones,0.714,2.062,3.7,0.6,0.8
tre jones,0.714,2.062,4.9,1.1,0.8
tre jones,0.714,4.206,4.2,0.8,0.8
tre jones,0.714,4.206,3.7,0.6,0.8
tre jones,0.714,4.206,4.9,1.1,0.8
trevelin queen,0.0,1.694,1.2,1.0,0.8
trey lyles,-0.2933,2.543,1.2,0.6,0.5
ty jerome,0.4404,3.872,3.3,1.1,1.3
tyler herro,0.5346,7.268,5.6,0.9,2.6
tyrese haliburton,0.9323,6.403,9.1,1.5,1.7
tyrese martin,0.802,3.132,2.0,0.6,1.1
tyrese maxey,0.5578,7.829,6.1,1.8,2.4
tyus jones,0.8555,3.904,5.5,0.8,1.2
victor wembanyama,0.9062,7.941,3.7,1.1,3.2
vit krejci,0.8898,2.678,2.6,0.6,0.9
walker kessler,0.8945,4.893,1.7,0.6,1.5
zach collins,-0.8201,2.473,1.7,0.5,0.9
zach collins,-0.8201,2.473,1.4,0.4,0.6
zach collins,-0.8201,2.473,2.1,0.6,1.3
zach collins,-0.8201,1.819,1.7,0.5,0.9
zach collins,-0.8201,1.819,1.4,0.4,0.6
zach collins,-0.8201,1.819,2.1,0.6,1.3
zach collins,-0.8201,3.559,1.7,0.5,0.9
zach collins,-0.8201,3.559,1.4,0.4,0.6
zach collins,-0.8201,3.559,2.1,0.6,1.3
zach lavine,-0.1753,6.838,4.2,0.8,2.9
zach lavine,-0.1753,6.838,4.5,0.9,2.9
zach lavine,-0.1753,6.838,3.7,0.7,3.0
zach lavine,-0.1753,7.128,4.2,0.8,2.9
zach lavine,-0.1753,7.128,4.5,0.9,2.9
zach lavine,-0.1753,7.128,3.7,0.7,3.0
zach lavine,-0.1753,6.324,4.2,0.8,2.9
zach lavine,-0.1753,6.324,4.5,0.9,2.9
zach lavine,-0.1753,6.324,3.7,0.7,3.0
zeke nnaji,0.0387,1.345,0.4,0.4,0.2
zion williamson,-0.5935,7.487,5.3,1.2,3.0
